,Topic0,Topic1,Topic2,Topic3,Topic4,Topic5,Topic6,Topic7,Topic8,Topic9,Topic10,Topic11,Topic12,Topic13,Topic14,Topic15,Topic16,Topic17,Topic18,Topic19,Topic20,Topic21,Topic22,Topic23,Topic24,Topic25,Topic26,Topic27,Topic28,Topic29
0,mdundovibes,yahoo,poshmark,flyeaglesfly,dontspyonus,sccl,holidayherethisyear,dartmouth,biggbosstamil,nigeria,aidspan,thespirituallibrary,greek,science_in_sanskrit,inkhabar,ygk,burundi,thestig,thenews,lgbtq,vimeo,startupindia,hepsat,ibs,kengenagm,travel,beeronthecarpet,playstore,bahrain,calibri
1,ghanamusic,nfl,shopmycloset,eagles,cleanupthessa,sclife,seeaustralia,inbusinessforabetterworld,biggboss,israel,gfo,lartdexplicarlart,letsgobrandonreallymeans,indvnz,omicron,ethiopia,ukbusiness,india,tns,lgbt,whatshappeninginmyanmar,startupstory,sunburngoa,ibsat,football,ozmusic,beerwithaview,france,covid,microsoft
2,mdundonews,jesussaves,style,nfl,callofdutymodernwarfare,prolife,followsuit,q,sweepstakes,empathy,ofm,internationaldayofthegirl,greece,nzvban,newyear,tcmparty,springst,china,covid,lgbtiq,junta,startups,eagles,mba,energychampion,australasia,dailybrew,french,tf,healthtips
3,happybirthday,lifestyle,gmixmag,nfltwitter,research,cashbox,feelnsw,law,priyanka,lng,via,valentinesday_misleadingyouth,indieauthor,cricketnation,coronavirus,au,ecig,russia,golfinuae,humanrights,mar,startup,cashflow,mbacampus,le,aussie,mokapot,greece,weatherbahrain,doctorshospital
4,dontcryprguy,mothersday,fashion,gobirds,spain,death,thisiswa,newprofilepic,ccp,evidence,agourahills,pwdquiz,linux,nowplaying,omicronvariant,holidayplaylist,gasfreevic,afghanistan,abudhabigp,gay,myanmar,enterpreneurs,africa,bestcollege,kengen,happynewyear,chiefskingdom,islamicheritagemonth,meteorology,bestpic
5,killthebill,altmillars,marketing,jets,rica,abortion,thisisqueensland,kuwait,amir,hydrogen,persianfood,mppd_androidapp,covid,raptors,happynewyear,kenya,hawaii,usa,allindiainfluencersmeet,transgender,juntapolicebrutality,entrepreneurship,aviation,bestbschools,collegefootball,ozbands,impeachtrumpnow,australia,ccot,happydiwali
6,ghanaartiste,veracruz,businesstransformation,takeflight,austax,life,australiasnorthwest,criminalcourt,venmome,equality,persianrestaurant,ps,joerogan,onthisday,teamindia,southsudan,seo,digital,incredibleindia,chile,juntaarmybrutality,business,staysafe,internship,sustainablekengen,aussiemusic,commerce,germany,omicron,gettysport
7,mdundogh,jags,leadership,phi,ps,top,ilovesydney,independenceday,pavni,empowerment,maralcuisine,equalforbetter,eternals,twitter,delhi,somalia,nails,indopacific,christmas,srilanka,yangon,businessstory,lifeiscalling,career,sports,australasianmusic,removetrumpnow,cyprus,weather,pictureoftheday
8,newmusicghana,jax,changemanagement,phivsnyj,kerajaangagal,midlandsgives,chiefskingdom,cybercrimes,thamarai,visayas,authenticpersianfood,plangirlstakeover,apple,sanskrit,bollywoodupdates,rhoc,nailtechnician,biden,uae,us,againstmyanmarmilitarycoup,startupstories,liveinyourlivingroom,icfai,syracuse,chanyeol,communbr,uk,coronavirus,saltillo
9,listenonmdundo,covid,leadershiptips,giants,malaysia,nrlc,dodgers,jailsentence,raju,gas,persiancuisine,backinggreen,philsprovisions,ps,thunderup,projectrunway,auspol,expo,f,tamil,juntacrimes,australia,jeno,admissions,nbatopshotthis,baekhyun,vocation,ahmadiyya,wtf,deepavali
10,mondaymotivation,smartnews,employeeexperience,nygvsphi,ssareform,supportsupporters,dmxforever,southwestlondon,taiwan,amihan,losangelesfood,downingstreetparty,cave,newprofilepic,andjustlikethat,teachers,offshorewind,myanmar,gujarat,covid,crimesagainsthumanity,vegan,vimeo,study,energycsinolkaria,oz,vocationbrewery,islam,badcustomerservice,deepawali
11,ghmusic,moderndeluxeseries,bitcoin,goldcoast,spanishfood,december,supportlarb,climate,keytowyn,metraweather,californiarestaurants,flyeaglesfly,turkey,cricket,covid,ukieri,vicclimatesolutions,pakistan,insecure,india,mandalay,southwestlondon,resisttheresistance,growth,bowlseason,australianmusic,swadeshgwalior,revivingtrueislam,bahrain_weather,covid
12,tupperware,gopackgo,uhc,iubb,thailand,abortionondemand,kodakblack,ricardoanaya,abinay,rains,covid,covid,spidermannowayhome,fordtrophy,newprofilepic,djibouti,furniture,dubaiairshow,mumbai,russia,springrevolutionmyanmar,israel,nct,nationalmocktest,goblue,covid,aewdynamite,freedom,fantasyfootball,sportsphotography
13,holdtheline,miraclesacross,ghfutures,kalundetalks,lawan,dmv,dmx,divorce,buschtothemoon,rblfcb,flower,heretheycome,spiderman,italy,pmmodi,gototurkey,carehire,sanctions,indiavssouthafrica,lsbti,juntaterrorists,newyears,shorttermrentals,pgpm,ynwa,eis,countyweek,job,dontlookup,diwali
14,newyear,nofearhere,sustainability,washingtonfootball,nbktoday,prc,dmxrip,migrantworkers,allstarrace,ironore,natural,fuckdallas,nowayhome,oxidize,indiaupdate,visitrwanda,carelease,tech,viratkohli,lsbtiq,arangkadaforum,sydney,expediteneetpgcounselling,ibsapp,rolltide,traveller,harviestounbrewery,kahluaespressomartini,cop,abolishdeathpenalty
